<?xml version="1.0" encoding="UTF-8"?>
<project-private xmlns="http://www.netbeans.org/ns/project-private/1">
    <editor-bookmarks xmlns="http://www.netbeans.org/ns/editor-bookmarks/2" lastBookmarkId="0"/>
    <open-files xmlns="http://www.netbeans.org/ns/projectui-open-files/2">
        <group>
            <file>file:/C:/Users/Administrator/Desktop/EE%202361/Lab%20files/wu000427_lab5_v001.X/wu000427_lab5_asmLib_v001.h</file>
            <file>file:/C:/Users/Administrator/Desktop/EE%202361/Lab%20files/wu000427_lab5_v001.X/wu000427_lab5_asmLib_v001.s</file>
            <file>file:/C:/Users/Administrator/Desktop/EE%202361/Lab%20files/wu000427_lab4_v001.X/wu000427_lab4_asmLib_v001.h</file>
            <file>file:/C:/Users/Administrator/Desktop/EE%202361/Lab%20files/wu000427_lab4_v001.X/wu000427_lab4_asmLib_v001.s</file>
            <file>file:/C:/Users/Administrator/Desktop/EE%202361/Lab%20files/wu000427_lab4_v001.X/Servo.c</file>
            <file>file:/C:/Users/Administrator/Desktop/EE%202361/Lab%20files/wu000427_lab4_v001.X/servo.h</file>
            <file>file:/C:/Users/Administrator/Desktop/EE%202361/Lab%20files/wu000427_lab4_v001.X/PushButton.c</file>
            <file>file:/C:/Users/Administrator/Desktop/EE%202361/Lab%20files/wu000427_lab4_v001.X/PushButton.h</file>
            <file>file:/C:/Users/Administrator/Desktop/EE%202361/Lab%20files/wu000427_lab3_v001.X/wu000427_keypad.h</file>
            <file>file:/C:/Users/Administrator/Desktop/EE%202361/Lab%20files/wu000427_lab3_v001.X/wu000427_sevDisp.c</file>
            <file>file:/C:/Users/Administrator/Desktop/EE%202361/Lab%20files/wu000427_lab3_v001.X/wu000427_sevSegDisp.h</file>
            <file>file:/C:/Users/Administrator/Desktop/EE%202361/Lab%20files/wu000427_lab3_v001.X/wu000427_keypad.c</file>
            <file>file:/C:/Users/Administrator/Desktop/EE%202361/Lab%20files/wu000427_lab3_v001.X/wu000427_lab3_main_v001.c</file>
            <file>file:/C:/Users/Administrator/Desktop/EE%202361/Lab%20files/wu000427_lab4_v001.X/wu000427_lab4_main_v001.c</file>
            <file>file:/C:/Users/Administrator/Desktop/EE%202361/Lab%20files/Adp_micp_sensors.X/Adp_micp_sensors_main.c</file>
            <file>file:/C:/Users/Administrator/Desktop/EE%202361/Lab%20files/wu000427_lab5_v001.X/wu000427_lab5_main_v001.c</file>
            <file>file:/C:/Users/Administrator/Desktop/EE%202361/Lab%20files/Adp_micp_sensors.X/wu000427_lcd.c</file>
            <file>file:/C:/Users/Administrator/Desktop/EE%202361/Lab%20files/Adp_micp_sensors.X/wu000427_delay_asmLib.s</file>
            <file>file:/C:/Users/Administrator/Desktop/EE%202361/Lab%20files/Adp_micp_sensors.X/wu000427_delay_asmLib.h</file>
            <file>file:/C:/Users/Administrator/Desktop/EE%202361/Lab%20files/wu000427_lab5_v001.X/wu000427_lcd.c</file>
            <file>file:/C:/Users/Administrator/Desktop/EE%202361/Lab%20files/Adp_micp_sensors.X/wu000427_lcd.h</file>
            <file>file:/C:/Users/Administrator/Desktop/EE%202361/Lab%20files/wu000427_lab5_v001.X/wu000427_lcd.h</file>
        </group>
    </open-files>
</project-private>
