<?xml version="1.0" encoding="UTF-8"?>
<project-private xmlns="http://www.netbeans.org/ns/project-private/1">
    <editor-bookmarks xmlns="http://www.netbeans.org/ns/editor-bookmarks/2" lastBookmarkId="0"/>
    <open-files xmlns="http://www.netbeans.org/ns/projectui-open-files/2">
        <group>
            <file>file:/C:/Users/Administrator/Desktop/EE%202361/Lab%20files/adaptive-microphone-master/adaptive_mic_system_revA.X/adaptive_mic_sensorArray_lib.c</file>
            <file>file:/C:/Users/Administrator/Desktop/EE%202361/Lab%20files/adaptive-microphone-master/adaptive_mic_system_revA.X/adaptive_mic_easydriver_lib.c</file>
            <file>file:/C:/Users/Administrator/Desktop/EE%202361/Lab%20files/adaptive-microphone-master/adaptive_mic_system_revA.X/adaptive_mic_asm_lib.s</file>
            <file>file:/C:/Users/Administrator/Desktop/EE%202361/Lab%20files/adaptive-microphone-master/adaptive_mic_system_revA.X/adaptive_mic_top.h</file>
        </group>
    </open-files>
</project-private>
