<?xml version="1.0" encoding="UTF-8"?>
<project-private xmlns="http://www.netbeans.org/ns/project-private/1">
    <editor-bookmarks xmlns="http://www.netbeans.org/ns/editor-bookmarks/2" lastBookmarkId="0"/>
    <open-files xmlns="http://www.netbeans.org/ns/projectui-open-files/2">
        <group>
            <file>file:/C:/Users/Administrator/Desktop/EE%202361/Lab%20files/wu000427_lab2b_v001.X/wu000427_lab2b_main_v001.c</file>
            <file>file:/C:/Users/Administrator/Desktop/EE%202361/Lab%20files/wu000427_lab2b_v001.X/wu000427_lab2b_asmLib_v001.h</file>
            <file>file:/C:/Users/Administrator/Desktop/EE%202361/Lab%20files/wu000427_lab2b_v001.X/wu000427_lab2b_asmLib_v001.s</file>
        </group>
    </open-files>
</project-private>
